{"cameraMode":{"drawMode":0,"name":"Shaded","section":"Shading Mode"},"sceneLighting":false,"audioPlay":false,"sceneViewState":{"m_AlwaysRefresh":false,"showFog":true,"showSkybox":true,"showFlares":true,"showImageEffects":true,"showParticleSystems":true,"showVisualEffectGraphs":true,"m_FxEnabled":true},"in2DMode":false,"pivot":{"x":509.7516174316406,"y":2.036128044128418,"z":137.07969665527345},"rotation":{"x":-0.022760938853025438,"y":-0.9083147644996643,"z":-0.0499311238527298,"w":0.41477254033088686},"size":0.02122829668223858,"orthographic":false}